Module,Model,Accuracy,Precision,Recall,F1-score,Test Loss
Disease Detection,Centralized CNN,0.8647260273972602,0.8948961013005295,0.8647260273972602,0.878730927450826,0.4180973768234253
