Config,Train_Loss,Train_Accuracy,Validation_Loss,Validation_Accuracy,Completed_Epochs
strong_1,1.779921531677246,0.4587257504463196,2.165980100631714,0.4368070960044861,70
strong_2,2.2271578311920166,0.4747922420501709,2.561354637145996,0.44789355993270874,74
strong_3,0.016528913751244545,0.9930747747421265,0.0731150284409523,0.9889135360717773,191
